timestamp,imu_quaternion_x,imu_quaternion_y,imu_quaternion_z,imu_quaternion_w,imu_angular_velocity_x,imu_angular_velocity_y,imu_angular_velocity_z,imu_acceleration_x,imu_acceleration_y,imu_acceleration_z,kf_quaternion_x,kf_quaternion_y,kf_quaternion_z,kf_quaternion_w,kf_angular_velocity_x,kf_angular_velocity_y,kf_angular_velocity_z,kf_acceleration_x,kf_acceleration_y,kf_acceleration_z
1741796154874,0,0,0,1,0,0,0,0,0,0,0,0,0,1,0,0,0,0,0,0
1741796154874,0,0,0,1,0,0,0,0,0,0,0,0,0,1,0,0,0,0,0,0
1741796155201,0,0,0,1,0.010471975511965978,0.054105206811824215,-0.06981317007977318,0.4,-0.1,-1.3,0,0,0,1,0.009520064275536018,0.04918699875693609,-0.06346709517024011,0.363639669120989,-0.09090991728024725,-1.181828924643214
1741796155267,0.1553836207282075,0.15094882464157422,0.708478153052523,0.671661439563122,0.04537856055185257,-0.059341194567807204,-0.2478367537831948,-0.30000000000000004,0.1,0.1,0.0003141621210926886,0.001623170958978891,-0.0020944141406179237,1,0.026605453486576253,-0.00252310110436043,-0.151313148497062,0.04743728418420562,0.00005235330260541793,-0.5710797758016569
1741796155318,0.14513838401551193,0.13829304701167913,0.7097931225729684,0.6752803904910214,-0.3001966313430247,0.013962634015954637,-0.4066617157146788,0.1,-0.1,-0.2,0.0009989989189384567,0.001559040623264829,-0.005951777991805769,0.9999918100273221,-0.07900584292443706,0.0028045266531334344,-0.23383310314976447,0.064423762599985,-0.03228115750339353,-0.45115943865094543
1741796155376,0.09701330122167265,0.0933709482545835,0.45785741947783837,0.7891760864051443,-0.19373154697137057,-0.06283185307179587,-0.19896753472735357,-0.1,0,0.30000000000000004,-0.0012820637230360377,0.001619960326727185,-0.01273653572172687,0.9999536121455667,-0.10709157058192303,-0.013263759880314703,-0.22529774599096525,0.02417157103432567,-0.0243784838554914,-0.2672698770521784
1741796155376,0.09701330122167265,0.0933709482545835,0.45785741947783837,0.7891760864051443,-0.19373154697137057,-0.06283185307179587,-0.19896753472735357,-0.1,0,0.30000000000000004,-0.0012820637230360377,0.001619960326727185,-0.01273653572172687,0.9999536121455667,-0.10709157058192303,-0.013263759880314703,-0.22529774599096525,0.02417157103432567,-0.0243784838554914,-0.2672698770521784
1741796155463,0.1428540032261872,0.12266683460860991,0.7087329662226531,0.679884669659933,0.13788101090755203,-0.12566370614359174,-0.04363323129985824,-0.1,0.1,0.6000000000000001,-0.005917105958668446,0.0009962454011957543,-0.02254481932542077,0.9998237505410077,-0.05875655630315089,-0.035441152037984126,-0.18945391049659127,-0.0003284551419489301,0.00016236784543864624,-0.09615071899788397
1741796155463,0.1428540032261872,0.12266683460860991,0.7087329662226531,0.679884669659933,0.13788101090755203,-0.12566370614359174,-0.04363323129985824,-0.1,0.1,0.6000000000000001,-0.005917105958668446,0.0009962454011957543,-0.02254481932542077,0.9998237505410077,-0.05875655630315089,-0.035441152037984126,-0.18945391049659127,-0.0003284551419489301,0.00016236784543864624,-0.09615071899788397
1741796155550,0.13919602514749382,0.12013269418988796,0.7066434853829799,0.6832624583098441,0.04014257279586958,0.08028514559173916,0.05061454830783556,-0.30000000000000004,0.2,-0.1,-0.008429598252460011,-0.0005540312035336423,-0.030796280574570747,0.9996243654692794,-0.042389748752696556,-0.01628961795383778,-0.14972500388253754,-0.04992107084767857,0.033233478750141085,-0.09678773614801656
1741796155599,0.13770982868713477,0.12508820883423732,0.7046067441596472,0.6847760795897763,2.91469985083053,0.45553093477052004,1.4643312424232424,-0.6000000000000001,0.4,2.3000000000000003,-0.009457498652732224,-0.00095403839094167,-0.03446595407103663,0.9995024209642168,0.3796675414370959,0.05105203580151639,0.08064481840006685,-0.12843232808562396,0.08558105865197073,0.2452992054249855
1741796155599,0.13770982868713477,0.12508820883423732,0.7046067441596472,0.6847760795897763,2.91469985083053,0.45553093477052004,1.4643312424232424,-0.6000000000000001,0.4,2.3000000000000003,-0.009457498652732224,-0.00095403839094167,-0.03446595407103663,0.9995024209642168,0.3796675414370959,0.05105203580151639,0.08064481840006685,-0.12843232808562396,0.08558105865197073,0.2452992054249855
1741796155682,0.11034028401336363,0.2179302014367519,0.7116629421990777,0.6586860448849202,0.7208209810736582,0.3665191429188092,1.4311699866353502,-0.30000000000000004,-0.30000000000000004,-0.4,0.006221035677588091,0.0016749674843159156,-0.031115854188325843,0.9997688057902534,0.42253881873799165,0.0906954227858151,0.25035947539116854,-0.14999249540020854,0.03712675461490255,0.16420724514079754
1741796155682,0.11034028401336363,0.2179302014367519,0.7116629421990777,0.6586860448849202,0.7208209810736582,0.3665191429188092,1.4311699866353502,-0.30000000000000004,-0.30000000000000004,-0.4,0.006221035677588091,0.0016749674843159156,-0.031115854188325843,0.9997688057902534,0.42253881873799165,0.0906954227858151,0.25035947539116854,-0.14999249540020854,0.03712675461490255,0.16420724514079754
1741796155771,0.12658500830009514,0.28917250016196444,0.7174421282600324,0.6209929898327828,0.13439035240356337,0.13439035240356337,0.6579891280018623,0.30000000000000004,0.1,0.6000000000000001,0.024875423247762814,0.006364359952677882,-0.019971046657538287,0.999991733345375,0.39014365411983487,0.09560783636188765,0.29618734276645187,-0.09940197464933281,0.04419529521912036,0.2132013564496493
1741796155771,0.12658500830009514,0.28917250016196444,0.7174421282600324,0.6209929898327828,0.13439035240356337,0.13439035240356337,0.6579891280018623,0.30000000000000004,0.1,0.6000000000000001,0.024875423247762814,0.006364359952677882,-0.019971046657538287,0.999991733345375,0.39014365411983487,0.09560783636188765,0.29618734276645187,-0.09940197464933281,0.04419529521912036,0.2132013564496493
1741796155874,0.14691693807168382,0.3154341802177918,0.7152664690419815,0.6060615228854137,-0.3193952531149623,0.08552113334772216,1.436405974391333,0.2,-0.6000000000000001,-0.4,0.044772242119702384,0.012068829997454563,-0.0047121310451895704,0.9997652208970846,0.3178625281890316,0.0945802982757313,0.41234205346768404,-0.06890172778070235,-0.021429240353184477,0.1507341907811578
1741796155874,0.14691693807168382,0.3154341802177918,0.7152664690419815,0.6060615228854137,-0.3193952531149623,0.08552113334772216,1.436405974391333,0.2,-0.6000000000000001,-0.4,0.044772242119702384,0.012068829997454563,-0.0047121310451895704,0.9997652208970846,0.3178625281890316,0.0945802982757313,0.41234205346768404,-0.06890172778070235,-0.021429240353184477,0.1507341907811578
1741796155961,0.1965086399759629,0.3475358735608703,0.695149420942981,0.59780469516868,-0.16929693744344998,0.2007128639793479,0.7033676885537149,0.4,-0.2,-0.5,0.05836015180126085,0.01705033606831503,0.013203209147066176,0.9991810210378069,0.2724225926930877,0.1044798430445681,0.43948755102833664,-0.02516478789259212,-0.0380854779350166,0.09003677701806681
1741796155961,0.1965086399759629,0.3475358735608703,0.695149420942981,0.59780469516868,-0.16929693744344998,0.2007128639793479,0.7033676885537149,0.4,-0.2,-0.5,0.05836015180126085,0.01705033606831503,0.013203209147066176,0.9991810210378069,0.2724225926930877,0.1044798430445681,0.43948755102833664,-0.02516478789259212,-0.0380854779350166,0.09003677701806681
1741796156063,0.22429391340394952,0.3673790025576721,0.6858493661778257,0.586801121167254,-0.06806784082777885,-0.05585053606381855,0.5602506898901798,0.7000000000000001,-0.1,-0.2,0.0719305144992253,0.023499081251101565,0.03552463706567707,0.9979834040337685,0.2430882638433886,0.09066687327408522,0.44989167778063227,0.037310454475590164,-0.04341961003395814,0.0650491904137183
1741796156063,0.22429391340394952,0.3673790025576721,0.6858493661778257,0.586801121167254,-0.06806784082777885,-0.05585053606381855,0.5602506898901798,0.7000000000000001,-0.1,-0.2,0.0719305144992253,0.023499081251101565,0.03552463706567707,0.9979834040337685,0.2430882638433886,0.09066687327408522,0.44989167778063227,0.037310454475590164,-0.04341961003395814,0.0650491904137183
1741796156159,0.24655272282517784,0.3777011354911813,0.6737544363769394,0.5853277428744995,-0.8587019919812101,-0.34033920413889424,0.5235987755982989,0.9,0.2,0.6000000000000001,0.08322236664519317,0.028981130162792215,0.05703704014048904,0.9962746860810875,0.1547616948801153,0.056114663523677014,0.4558005111761522,0.10646917795661107,-0.02390553386654257,0.10793427614132681
1741796156159,0.24655272282517784,0.3777011354911813,0.6737544363769394,0.5853277428744995,-0.8587019919812101,-0.34033920413889424,0.5235987755982989,0.9,0.2,0.6000000000000001,0.08322236664519317,0.028981130162792215,0.05703704014048904,0.9962746860810875,0.1547616948801153,0.056114663523677014,0.4558005111761522,0.10646917795661107,-0.02390553386654257,0.10793427614132681
1741796156258,0.2780778042488219,0.374224738117729,0.6493644230189436,0.6007948287744707,-1.7435839227423353,-0.33161255787892263,0.5916666164260777,0.30000000000000004,0.2,0.30000000000000004,0.09035908653337807,0.03318918788135528,0.07950596554349523,0.9942697671408756,0.012247187743645305,0.027006816486428966,0.4660003877668521,0.12099811803116542,-0.007096272945929308,0.12235322689477808
1741796156258,0.2780778042488219,0.374224738117729,0.6493644230189436,0.6007948287744707,-1.7435839227423353,-0.33161255787892263,0.5916666164260777,0.30000000000000004,0.2,0.30000000000000004,0.09035908653337807,0.03318918788135528,0.07950596554349523,0.9942697671408756,0.012247187743645305,0.027006816486428966,0.4660003877668521,0.12099811803116542,-0.007096272945929308,0.12235322689477808
1741796156336,0.3274280051134918,0.35671934602313027,0.6132382182787826,0.6240842068843705,-2.097885760897184,-0.13439035240356337,0.37524578917878093,-1.2000000000000002,-0.4,-1.8,0.09031454998045886,0.035840630415949634,0.09749651968270195,0.9927467083395877,-0.1369287051593741,0.015596840258773672,0.459584489523023,0.027610128469921155,-0.03487261014116054,-0.013547574655068131
1741796156371,0.3784900959266627,0.32349784747879384,0.5774456604634067,0.6470323787678578,-1.7575465567582902,0.07853981633974483,0.038397243543875255,-0.30000000000000004,-0.7000000000000001,-0.30000000000000004,0.08767403305395001,0.037071597047501015,0.1053703779206447,0.9921692042370602,-0.2453459586440711,0.019807644543151474,0.4314076035490778,0.005693431509293065,-0.079368778534465,-0.03271087412093988
1741796156371,0.3784900959266627,0.32349784747879384,0.5774456604634067,0.6470323787678578,-1.7575465567582902,0.07853981633974483,0.038397243543875255,-0.30000000000000004,-0.7000000000000001,-0.30000000000000004,0.08767403305395001,0.037071597047501015,0.1053703779206447,0.9921692042370602,-0.2453459586440711,0.019807644543151474,0.4314076035490778,0.005693431509293065,-0.079368778534465,-0.03271087412093988
1741796156468,0.42291925564765925,0.26695017652921194,0.5471149793358234,0.6712243334681885,-1.4032447186034411,0.10471975511965978,-0.07330382858376185,-0.7000000000000001,-0.7000000000000001,0.2,0.07519350213548034,0.04111300387385461,0.12560444969230092,0.9909721556797418,-0.3189670220828308,0.025206492953431706,0.3993172398245127,-0.039175690633375705,-0.11882950870157595,-0.01791474287096073
1741796156534,0.19574678506317078,0.2369859885822205,0.6196678632557113,0.6695262802994666,-2.707005669843205,0.19373154697137057,-0.778416846389471,-0.5,0.2,-1.4000000000000001,0.06432533094195617,0.04425027003874592,0.13816765559104122,0.9900742887312871,-0.46383461282448546,0.035429869605263765,0.3278713694805985,-0.06713106209092701,-0.09948808689240202,-0.10175733963446801
1741796156534,0.19574678506317078,0.2369859885822205,0.6196678632557113,0.6695262802994666,-2.707005669843205,0.19373154697137057,-0.778416846389471,-0.5,0.2,-1.4000000000000001,0.06432533094195617,0.04425027003874592,0.13816765559104122,0.9900742887312871,-0.46383461282448546,0.035429869605263765,0.3278713694805985,-0.06713106209092701,-0.09948808689240202,-0.10175733963446801
1741796156674,0.4598342959156296,0.16888178978262025,0.5111466601093911,0.7062297453652111,0.5218534463463046,0.08377580409572782,-2.415535684760153,-0.9,-0.5,-2.1,0.031506260812138955,0.052668160522086935,0.1592945773493239,0.988882000796564,-0.4065836195796291,0.03823791089497796,0.1685280790055594,-0.115505974919024,-0.12275072522759421,-0.2178197956881724
1741796156674,0.4598342959156296,0.16888178978262025,0.5111466601093911,0.7062297453652111,0.5218534463463046,0.08377580409572782,-2.415535684760153,-0.9,-0.5,-2.1,0.031506260812138955,0.052668160522086935,0.1592945773493239,0.988882000796564,-0.4065836195796291,0.03823791089497796,0.1685280790055594,-0.115505974919024,-0.12275072522759421,-0.2178197956881724
1741796156785,0.3574170735553853,0.10240967882330912,0.5297982598307396,0.7622854433181385,0.4153883619746505,-0.019198621771937627,-2.3788837704682715,-0.7000000000000001,-0.30000000000000004,2.7,0.009037185973886959,0.05865600209121128,0.16728855531505485,0.9879912479973793,-0.3607288577614125,0.035033740212510836,0.026417439918269087,-0.14811272418264104,-0.1326388034827331,-0.055045473981048365
1741796156833,0.23853985122309596,0.037308399871861214,0.543083400116166,0.8042184051585298,-0.2984513020910304,-0.07330382858376185,-1.7924531417981764,0.30000000000000004,-1,-0.2,0.0005871279260783925,0.06094074395138952,0.16739954764400375,0.9879141047799918,-0.3573823808296622,0.02921223403880185,-0.07131935109788888,-0.12403344107400488,-0.17924635261332245,-0.06283458792833697
1741796156894,0.22028547348504116,0.2156179638218672,0.6051767917967333,0.6835653043897875,-0.5480333851262195,-0.22689280275926288,-1.7540558982543013,0.1,-1,1,-0.009899587209103724,0.06364435402835682,0.16458581002657763,0.9882303422308979,-0.36727610853130793,0.015921805769362325,-0.15864402716031467,-0.11240735040520836,-0.22183890609783058,-0.00767937884012735
1741796156894,0.22028547348504116,0.2156179638218672,0.6051767917967333,0.6835653043897875,-0.5480333851262195,-0.22689280275926288,-1.7540558982543013,0.1,-1,1,-0.009899587209103724,0.06364435402835682,0.16458581002657763,0.9882303422308979,-0.36727610853130793,0.015921805769362325,-0.15864402716031467,-0.11240735040520836,-0.22183890609783058,-0.00767937884012735
1741796157003,0.17773204779229881,-0.029210222220413556,0.5348831866916808,0.8255047296653986,1.5847589608108514,0.39269908169872414,-0.8115781021773634,-1,0.2,1.6,-0.02898745435926735,0.06788191202695819,0.15477612216844377,0.9893999853048617,-0.26921137977204657,0.03485003198156762,-0.19144559101019176,-0.15699749829663973,-0.2006469108533352,0.07308589259064957
1741796157040,0.09697525387101945,-0.007765922005296334,0.545463110386744,0.8324695104322307,1.869247628885927,0.57246799465414,-0.0942477796076938,-1,0.8,1.8,-0.03357486401716165,0.06939331827199513,0.15095253043169188,0.9897600279905424,-0.16498314042216078,0.06105346794427076,-0.18670818116968127,-0.1980853406000708,-0.15187549867901542,0.15725548209178947
1741796157040,0.09697525387101945,-0.007765922005296334,0.545463110386744,0.8324695104322307,1.869247628885927,0.57246799465414,-0.0942477796076938,-1,0.8,1.8,-0.03357486401716165,0.06939331827199513,0.15095253043169188,0.9897600279905424,-0.16498314042216078,0.06105346794427076,-0.18670818116968127,-0.1980853406000708,-0.15187549867901542,0.15725548209178947
1741796157155,0.06938412899502806,0.12934933706740032,0.6079557902193877,0.7802847869736697,1.5358897417550101,1.4713125594312197,1.213003830136059,-1.1,1.2000000000000002,1.4000000000000001,-0.041689335430120086,0.07466041064346797,0.1397863087139019,0.9908184927723803,-0.08439058829693916,0.12787585104632004,-0.12038555094051272,-0.24082081187594173,-0.08781950852492601,0.21614051305874105
1741796157155,0.06938412899502806,0.12934933706740032,0.6079557902193877,0.7802847869736697,1.5358897417550101,1.4713125594312197,1.213003830136059,-1.1,1.2000000000000002,1.4000000000000001,-0.041689335430120086,0.07466041064346797,0.1397863087139019,0.9908184927723803,-0.08439058829693916,0.12787585104632004,-0.12038555094051272,-0.24082081187594173,-0.08781950852492601,0.21614051305874105
1741796157266,0.10691723600179387,0.24576806411620078,0.6912842772700247,0.6710386064196093,1.2304571226560024,2.652900463031381,1.864011641129944,0.1,-0.8,0.5,-0.0448390951641609,0.08262561526777824,0.13311244443297973,0.9910273282109698,-0.023710145277410923,0.2444061616017678,-0.02880528674834057,-0.22509187408137488,-0.12068675799616119,0.22924067612660531
1741796157325,0.20092439324131867,0.1925859735039219,0.6035793074897772,0.7001166573764014,1.2950343049797925,2.5743606466916362,2.309070600388498,-0.30000000000000004,-0.5,5.2,-0.04450231861466875,0.08990211192751753,0.1325358096862407,0.990513349451182,0.035669134344843374,0.34931732831818,0.07646255797877766,-0.22846477210876265,-0.13776614517915703,0.45305970927562744
1741796157325,0.20092439324131867,0.1925859735039219,0.6035793074897772,0.7001166573764014,1.2950343049797925,2.5743606466916362,2.309070600388498,-0.30000000000000004,-0.5,5.2,-0.04450231861466875,0.08990211192751753,0.1325358096862407,0.990513349451182,0.035669134344843374,0.34931732831818,0.07646255797877766,-0.22846477210876265,-0.13776614517915703,0.45305970927562744
1741796157414,0.16669206315341567,0.33781676870393224,0.7459254885351473,0.5492620070764894,1.0437068926926092,2.235766771804736,2.621484536495483,0.1,-0.7000000000000001,0.2,-0.04117578060082931,0.10493747280631897,0.13674058558154226,0.9887355284648928,0.0800246629448483,0.43232459818491475,0.18844823928972915,-0.21401171370622407,-0.16250547624178716,0.44192461331386323
1741796157414,0.16669206315341567,0.33781676870393224,0.7459254885351473,0.5492620070764894,1.0437068926926092,2.235766771804736,2.621484536495483,0.1,-0.7000000000000001,0.2,-0.04117578060082931,0.10493747280631897,0.13674058558154226,0.9887355284648928,0.0800246629448483,0.43232459818491475,0.18844823928972915,-0.21401171370622407,-0.16250547624178716,0.44192461331386323
1741796157500,0.2094761286079796,0.389176929475713,0.7516272564070757,0.4896095756143267,1.450368608407288,1.2932889757277983,1.9966566642815133,2.6,-1.5,2.5,-0.03608181724288478,0.12251383320568357,0.14587913298230282,0.9858183871629617,0.1390370137420099,0.4694010796329901,0.26631674102123337,-0.09282940254527379,-0.22010320291957153,0.5305533601976544
1741796157538,0.249313188217027,0.4459229162208649,0.7623757563320781,0.39721391356199054,1.6388641676226754,0.7504915783575619,3.4452799434368067,0.9,-1.7000000000000002,2,-0.03279645917782507,0.1307380292666419,0.1515128370724745,0.9840828991809827,0.20233604142104616,0.481264283478209,0.400482387522358,-0.050927816972784125,-0.28256108553500026,0.5925702021284388
1741796157538,0.249313188217027,0.4459229162208649,0.7623757563320781,0.39721391356199054,1.6388641676226754,0.7504915783575619,3.4452799434368067,0.9,-1.7000000000000002,2,-0.03279645917782507,0.1307380292666419,0.1515128370724745,0.9840828991809827,0.20233604142104616,0.481264283478209,0.400482387522358,-0.050927816972784125,-0.28256108553500026,0.5925702021284388
1741796157638,0.2587640258642816,0.58633136853966,0.7133351086511955,0.283566090974408,1.296779634231787,0.492182849062401,2.9112091923265417,3.5,-2.1,-0.30000000000000004,-0.021812715321765624,0.15222868123694003,0.17333006950826269,0.9782348061316444,0.24766233096142506,0.4817164749554908,0.5044639274197954,0.0961335605402795,-0.3578301656412035,0.5556044821200763
1741796157638,0.2587640258642816,0.58633136853966,0.7133351086511955,0.283566090974408,1.296779634231787,0.492182849062401,2.9112091923265417,3.5,-2.1,-0.30000000000000004,-0.021812715321765624,0.15222868123694003,0.17333006950826269,0.9782348061316444,0.24766233096142506,0.4817164749554908,0.5044639274197954,0.0961335605402795,-0.3578301656412035,0.5556044821200763
1741796157757,0.2481057537231251,0.6935798242141397,0.6488710734078498,0.19067483448821418,1.5027284859671177,-0.38048177693476387,2.0263272615654166,1.7000000000000002,-1.2000000000000002,1.3,-0.0069987632738400946,0.1770580767788037,0.20556080459145323,0.9689904313496134,0.298729832785372,0.4466344112527932,0.5663871641211524,0.1613934291103989,-0.39209729122710213,0.5858932595804951
1741796157757,0.2481057537231251,0.6935798242141397,0.6488710734078498,0.19067483448821418,1.5027284859671177,-0.38048177693476387,2.0263272615654166,1.7000000000000002,-1.2000000000000002,1.3,-0.0069987632738400946,0.1770580767788037,0.20556080459145323,0.9689904313496134,0.298729832785372,0.4466344112527932,0.5663871641211524,0.1613934291103989,-0.39209729122710213,0.5858932595804951
1741796157939,0.21812451262177063,0.7443908213165731,0.6140262285930951,0.14586223888619299,0.5078908123303499,-1.169370598836201,-0.3019419605950191,1.3,-0.2,-0.6000000000000001,0.018571641265071666,0.21049268856661438,0.2606014412111839,0.9513895306081739,0.30710059457824007,0.3819608137922906,0.5316360538680774,0.20696122288075486,-0.3844094296124959,0.5384330210153878
1741796157939,0.21812451262177063,0.7443908213165731,0.6140262285930951,0.14586223888619299,0.5078908123303499,-1.169370598836201,-0.3019419605950191,1.3,-0.2,-0.6000000000000001,0.018571641265071666,0.21049268856661438,0.2606014412111839,0.9513895306081739,0.30710059457824007,0.3819608137922906,0.5316360538680774,0.20696122288075486,-0.3844094296124959,0.5384330210153878
1741796158037,0.09978535272665696,0.8388981587143804,0.5223778204150638,0.1158195813549953,0.8901179185171081,-1.5027284859671177,-0.7539822368615504,0.30000000000000004,1.2000000000000002,-1.8,0.03228215127670923,0.22486125334457163,0.28820518776214016,0.940381756923965,0.3300739705546235,0.3076959950566818,0.4809771949588625,0.21062734860186205,-0.3219769219794436,0.4462887591186184
1741796158037,0.09978535272665696,0.8388981587143804,0.5223778204150638,0.1158195813549953,0.8901179185171081,-1.5027284859671177,-0.7539822368615504,0.30000000000000004,1.2000000000000002,-1.8,0.03228215127670923,0.22486125334457163,0.28820518776214016,0.940381756923965,0.3300739705546235,0.3076959950566818,0.4809771949588625,0.21062734860186205,-0.3219769219794436,0.4462887591186184
1741796158133,0.01874909341269415,0.8282991374653771,0.5470207858152966,0.11973834079496008,3.0054569719342354,-3.7402405870238478,-0.7958701389094143,0.7000000000000001,-1.1,3.4000000000000004,0.046246406676007906,0.2349292364648479,0.31300150477132976,0.9298954595929285,0.4339729236717156,0.15049369058451142,0.4313906119496807,0.2296322186104488,-0.3521915803164327,0.5609966366746582
1741796158133,0.01874909341269415,0.8282991374653771,0.5470207858152966,0.11973834079496008,3.0054569719342354,-3.7402405870238478,-0.7958701389094143,0.7000000000000001,-1.1,3.4000000000000004,0.046246406676007906,0.2349292364648479,0.31300150477132976,0.9298954595929285,0.4339729236717156,0.15049369058451142,0.4313906119496807,0.2296322186104488,-0.3521915803164327,0.5609966366746582
1741796158224,-0.1751807106071408,0.8214373666040529,0.5323910385329769,0.10541419955373343,5.937610115284709,-6.070255138436278,2.38237442897226,-1.5,-2.4000000000000004,-0.7000000000000001,0.06213991775657766,0.2360239431283118,0.3355759342193863,0.9212299406025835,0.6448124185938726,-0.0878177197582819,0.5061310841612559,0.1633715312365344,-0.43064131780301385,0.5126889658165245
1741796158224,-0.1751807106071408,0.8214373666040529,0.5323910385329769,0.10541419955373343,5.937610115284709,-6.070255138436278,2.38237442897226,-1.5,-2.4000000000000004,-0.7000000000000001,0.06213991775657766,0.2360239431283118,0.3355759342193863,0.9212299406025835,0.6448124185938726,-0.0878177197582819,0.5061310841612559,0.1633715312365344,-0.43064131780301385,0.5126889658165245
1741796158314,-0.5224428929465829,0.7830549828412179,0.33362219880022986,0.05073998349275741,4.084070449666731,-4.270820679630125,0.640535835481919,-1,-5.300000000000001,-8.700000000000001,0.08216905498946432,0.2240614626922636,0.36365194110375015,0.9127165293118956,0.7748932602190339,-0.24602874685325452,0.5112145885137218,0.11937007902249575,-0.614811935370019,0.16424336403932438
1741796158314,-0.5224428929465829,0.7830549828412179,0.33362219880022986,0.05073998349275741,4.084070449666731,-4.270820679630125,0.640535835481919,-1,-5.300000000000001,-8.700000000000001,0.08216905498946432,0.2240614626922636,0.36365194110375015,0.9127165293118956,0.7748932602190339,-0.24602874685325452,0.5112145885137218,0.11937007902249575,-0.614811935370019,0.16424336403932438
1741796158394,-0.6094429031758598,0.7518454048811439,0.2493384729306653,0.03373663949317279,2.766346864411013,-2.0874137853852184,-2.9530970943744053,2.7,-0.4,-0.7000000000000001,0.10229887767913548,0.2054878657910347,0.39006928797999335,0.9049384947735281,0.8493168807079496,-0.3148440790272996,0.381748043373096,0.2158121058198499,-0.6067840898200071,0.13194528790040072
1741796158394,-0.6094429031758598,0.7518454048811439,0.2493384729306653,0.03373663949317279,2.766346864411013,-2.0874137853852184,-2.9530970943744053,2.7,-0.4,-0.7000000000000001,0.10229887767913548,0.2054878657910347,0.39006928797999335,0.9049384947735281,0.8493168807079496,-0.3148440790272996,0.381748043373096,0.2158121058198499,-0.6067840898200071,0.13194528790040072
1741796158474,-0.7252092909045894,0.6470093749155592,0.21856928518207455,-0.08762317462884224,2.450442269800039,-2.91469985083053,-1.1641346110802178,-2.3000000000000003,-1.3,-4.2,0.12499183540633804,0.1824016833311472,0.41215692833512046,0.8980946662415119,0.9084841366002796,-0.4109179610489065,0.3246222022499228,0.12284393502188919,-0.6324008737556561,-0.0281354385104865
1741796158474,-0.7252092909045894,0.6470093749155592,0.21856928518207455,-0.08762317462884224,2.450442269800039,-2.91469985083053,-1.1641346110802178,-2.3000000000000003,-1.3,-4.2,0.12499183540633804,0.1824016833311472,0.41215692833512046,0.8980946662415119,0.9084841366002796,-0.4109179610489065,0.3246222022499228,0.12284393502188919,-0.6324008737556561,-0.0281354385104865
1741796158557,-0.8260728094888001,0.4088788138473115,0.22156161236289382,-0.318327317296601,1.7383479349863524,-1.8570303241219668,-3.4382986264288298,2,-2.8000000000000003,3.6,0.14936604852876714,0.15323107871244768,0.43326432194992737,0.8909402213845475,0.9388287233668814,-0.4637961347454427,0.18702820453154745,0.1914835421465287,-0.7116607473511202,0.1045300312075284
1741796158557,-0.8260728094888001,0.4088788138473115,0.22156161236289382,-0.318327317296601,1.7383479349863524,-1.8570303241219668,-3.4382986264288298,2,-2.8000000000000003,3.6,0.14936604852876714,0.15323107871244768,0.43326432194992737,0.8909402213845475,0.9388287233668814,-0.4637961347454427,0.18702820453154745,0.1914835421465287,-0.7116607473511202,0.1045300312075284
1741796158652,-0.8431727554085305,0.24582956181380275,0.24848478038688948,-0.40851296795976905,1.0088003076527225,-2.111848394913139,-3.330088212805181,-4.9,0.4,3.8000000000000003,0.17819073094386217,0.11560918073833394,0.4513031159365108,0.8838060157493254,0.9413620901458023,-0.5234649401390513,0.059688714076689575,0.007143064612042477,-0.6714123460105837,0.23832692814777823
1741796158691,0.028039113673925954,0.37244495649148684,0.5536927654006129,0.43867611824279246,1.7016960206944716,-1.260127719939906,-2.3544491609403506,-1.1,-1.2000000000000002,5.1000000000000005,0.18967310229302287,0.09851070066344401,0.456272884862062,0.8811898499496704,0.9686360632758458,-0.5498898043400915,-0.026908935837370723,-0.03257131479695328,-0.6903733378755355,0.4127202248313412
1741796158691,0.028039113673925954,0.37244495649148684,0.5536927654006129,0.43867611824279246,1.7016960206944716,-1.260127719939906,-2.3544491609403506,-1.1,-1.2000000000000002,5.1000000000000005,0.18967310229302287,0.09851070066344401,0.456272884862062,0.8811898499496704,0.9686360632758458,-0.5498898043400915,-0.026908935837370723,-0.03257131479695328,-0.6903733378755355,0.4127202248313412
1741796158785,-0.8482881886299055,0.14597679581663314,0.22455801334889122,-0.45680589176903363,-0.33335788713091696,-0.2059488517353309,-0.5026548245743669,-6.300000000000001,-1.2000000000000002,-5.300000000000001,0.21812235635878038,0.054724392098541956,0.46454528160113323,0.8756778610570188,0.922337269824419,-0.5376592935000374,-0.043826418926380686,-0.2554405424743237,-0.708495618366677,0.20957638253267016
1741796158847,0.8424111530473566,-0.12012223252896498,-0.22207544865802786,0.4760216314171196,0.10646508437165411,0.45204027626653137,0.18500490071139897,3.7,0.1,2,0.23549170638788794,0.026550250151373567,0.468555814643792,0.8709844627763725,0.8935611066112558,-0.5027521636095932,-0.03575543977107829,-0.11593045172764765,-0.6799796298502455,0.2727253942965047
1741796158847,0.8424111530473566,-0.12012223252896498,-0.22207544865802786,0.4760216314171196,0.10646508437165411,0.45204027626653137,0.18500490071139897,3.7,0.1,2,0.23549170638788794,0.026550250151373567,0.468555814643792,0.8709844627763725,0.8935611066112558,-0.5027521636095932,-0.03575543977107829,-0.11593045172764765,-0.6799796298502455,0.2727253942965047
1741796158951,0.026699343739779037,0.34730275069481364,0.515039888153819,0.409273172546356,2.780309498426967,0.7923794804054257,-1.4835298641951802,5,-0.9,-0.7000000000000001,0.2637620111355515,-0.018429369463309236,0.47432655641561805,0.8616075828046992,0.9595990580962623,-0.45742134947180935,-0.08642889343139587,0.06313188029147898,-0.6876805477854028,0.2386790992656298
1741796159004,-0.8194146004342658,0.1394164974200088,0.19017737055395553,-0.5224512614316023,1.5219271077390555,-0.9215338450530062,-2.8012534494508996,-7.800000000000001,-0.9,-0.6000000000000001,0.27988031552192766,-0.0415394279504446,0.47508174757344956,0.8557632663095242,0.9791399031442862,-0.47354921356602414,-0.18076878278147573,-0.21011118798967227,-0.6950586281053197,0.20953508211376207
1741796159004,-0.8194146004342658,0.1394164974200088,0.19017737055395553,-0.5224512614316023,1.5219271077390555,-0.9215338450530062,-2.8012534494508996,-7.800000000000001,-0.9,-0.6000000000000001,0.27988031552192766,-0.0415394279504446,0.47508174757344956,0.8557632663095242,0.9791399031442862,-0.47354921356602414,-0.18076878278147573,-0.21011118798967227,-0.6950586281053197,0.20953508211376207
1741796159090,0.7583593864395322,-0.060347713237033515,-0.11975498326136012,0.6378933598103905,2.5010568181078745,0.6335545184739417,-3.0578168494940656,-3.9000000000000004,1.6,-0.2,0.3059137342243899,-0.08114290705754743,0.472380010610917,0.8468264473422258,1.0316703273166414,-0.43533646484429234,-0.2800728603054992,-0.3374712445985232,-0.6158424750752574,0.19539958538238436
1741796159090,0.7583593864395322,-0.060347713237033515,-0.11975498326136012,0.6378933598103905,2.5010568181078745,0.6335545184739417,-3.0578168494940656,-3.9000000000000004,1.6,-0.2,0.3059137342243899,-0.08114290705754743,0.472380010610917,0.8468264473422258,1.0316703273166414,-0.43533646484429234,-0.2800728603054992,-0.3374712445985232,-0.6158424750752574,0.19539958538238436
1741796159178,0.6676282669435657,-0.00899151622355595,0.0028301883088194327,0.7444351145990288,1.7400932642383466,3.141592653589793,-0.26529004630313807,1.1,-4.2,0.30000000000000004,0.334305858343182,-0.12257651934963616,0.4641207516395073,0.8372069135545989,1.0559677037239228,-0.31265552293350907,-0.27956584171892584,-0.28816908612180847,-0.7387713357139287,0.1989871536468529
1741796159178,0.6676282669435657,-0.00899151622355595,0.0028301883088194327,0.7444351145990288,1.7400932642383466,3.141592653589793,-0.26529004630313807,1.1,-4.2,0.30000000000000004,0.334305858343182,-0.12257651934963616,0.4641207516395073,0.8372069135545989,1.0559677037239228,-0.31265552293350907,-0.27956584171892584,-0.28816908612180847,-0.7387713357139287,0.1989871536468529
1741796159258,0.6518648730884424,-0.02462359344513715,0.12614894379846137,0.7473635727393797,2.483603525587931,1.864011641129944,-1.30201562198777,0.8,-0.1,-0.7000000000000001,0.3624932718604996,-0.1563890948856215,0.4537620025119522,0.8267433892849422,1.1046420644803372,-0.2384434016293982,-0.31442563488042224,-0.2510686338561074,-0.7169928219226447,0.16833674241322585
1741796159258,0.6518648730884424,-0.02462359344513715,0.12614894379846137,0.7473635727393797,2.483603525587931,1.864011641129944,-1.30201562198777,0.8,-0.1,-0.7000000000000001,0.3624932718604996,-0.1563890948856215,0.4537620025119522,0.8267433892849422,1.1046420644803372,-0.2384434016293982,-0.31442563488042224,-0.2510686338561074,-0.7169928219226447,0.16833674241322585
1741796159361,0.5783432396435962,0.005040001557761742,0.27728573759584213,0.767206826917473,1.7697638615222502,1.8936822384138479,-1.0611601852125523,2.3000000000000003,0,0.30000000000000004,0.4014214126271313,-0.198225288723112,0.43592914082934453,0.8115487850863006,1.127192702072234,-0.16615469778170802,-0.33974331398337726,-0.16457586743347985,-0.6926835219491992,0.17280072242292144
1741796159361,0.5783432396435962,0.005040001557761742,0.27728573759584213,0.767206826917473,1.7697638615222502,1.8936822384138479,-1.0611601852125523,2.3000000000000003,0,0.30000000000000004,0.4014214126271313,-0.198225288723112,0.43592914082934453,0.8115487850863006,1.127192702072234,-0.16615469778170802,-0.33974331398337726,-0.16457586743347985,-0.6926835219491992,0.17280072242292144
1741796159451,0.543489193233945,0.010789018490626245,0.3480647843164944,0.7637761451083929,0.8237954069413236,2.8291787174828085,-0.62482787221397,1.6,-1.2000000000000002,0.6000000000000001,0.43629616408178246,-0.23254224508726057,0.4164685164733955,0.7963697748429096,1.1169599339525687,-0.06513022336685768,-0.3493584431413752,-0.10506150797548496,-0.7097939311930894,0.1872089957282212
1741796159505,0.49138880696887033,-0.012115270355598035,0.45012281608654026,0.7455063454111197,1.4643312424232424,1.4730578886832142,-1.6318828506146978,-0.4,1,-1.4000000000000001,0.4573871559480527,-0.2506179387755617,0.40271086063587475,0.7867314749407929,1.1286183330287272,-0.013505893932648387,-0.3924022438313792,-0.1149601684551902,-0.6524102051864679,0.13393943823098647
1741796159505,0.49138880696887033,-0.012115270355598035,0.45012281608654026,0.7455063454111197,1.4643312424232424,1.4730578886832142,-1.6318828506146978,-0.4,1,-1.4000000000000001,0.4573871559480527,-0.2506179387755617,0.40271086063587475,0.7867314749407929,1.1286183330287272,-0.013505893932648387,-0.3924022438313792,-0.1149601684551902,-0.6524102051864679,0.13393943823098647
1741796159589,0.41516287767354687,-0.04007203158747874,0.5361244942876826,0.7338968210253047,2.4713862208239705,2.535963403147761,-1.7697638615222502,-1,-0.4,-0.4,0.4903209332202405,-0.27769164774714883,0.37812449013068383,0.7715452953952721,1.1734764052020332,0.07166465473145558,-0.4384159945448907,-0.14452684263658952,-0.6439778951018673,0.11610203381132372
1741796159589,0.41516287767354687,-0.04007203158747874,0.5361244942876826,0.7338968210253047,2.4713862208239705,2.535963403147761,-1.7697638615222502,-1,-0.4,-0.4,0.4903209332202405,-0.27769164774714883,0.37812449013068383,0.7715452953952721,1.1734764052020332,0.07166465473145558,-0.4384159945448907,-0.14452684263658952,-0.6439778951018673,0.11610203381132372
1741796159677,0.2887962565375261,-0.04927390996124202,0.6377948304301218,0.7123107175128387,6.072000467688273,1.562069680534925,-3.3283428835531867,-3.3000000000000003,-2.4000000000000004,-5.4,0.525993664855345,-0.3042409036573437,0.3473570028325786,0.7543983393866474,1.336414506116419,0.12123953920684555,-0.5345427447802332,-0.24948637681231017,-0.7023879188735098,-0.06737837342444705
1741796159677,0.2887962565375261,-0.04927390996124202,0.6377948304301218,0.7123107175128387,6.072000467688273,1.562069680534925,-3.3283428835531867,-3.3000000000000003,-2.4000000000000004,-5.4,0.525993664855345,-0.3042409036573437,0.3473570028325786,0.7543983393866474,1.336414506116419,0.12123953920684555,-0.5345427447802332,-0.24948637681231017,-0.7023879188735098,-0.06737837342444705
1741796159758,0.06721549735925891,-0.0013849095976713813,0.7215777413182888,0.6890614792412579,-0.13264502315156904,1.0559241974565694,-0.671951762017817,-2,0.8,-2,0.5619444018908316,-0.3307245068287775,0.3119753383378922,0.7349428533547497,1.2877480158105516,0.1522034456745563,-0.5390947826467067,-0.30747677990754907,-0.6526173373328539,-0.13140158676660113
1741796159758,0.06721549735925891,-0.0013849095976713813,0.7215777413182888,0.6890614792412579,-0.13264502315156904,1.0559241974565694,-0.671951762017817,-2,0.8,-2,0.5619444018908316,-0.3307245068287775,0.3119753383378922,0.7349428533547497,1.2877480158105516,0.1522034456745563,-0.5390947826467067,-0.30747677990754907,-0.6526173373328539,-0.13140158676660113
1741796159835,0.048713732654872326,-0.02005661372405163,0.7450238514262291,0.6649542580529747,0.6422811647339133,1.422443340375379,0.21293016874330822,0,0.30000000000000004,4.1000000000000005,0.5933455049502129,-0.35354831104232765,0.27703183129787284,0.7154956909350644,1.2664467122951497,0.19412312828763256,-0.5142769136670772,-0.2973296186678598,-0.6211796407219216,0.008240548758909949
1741796159868,0.03514221638664206,0.01881072195986918,0.7799954652492539,0.6245144158123036,1.1763519158441782,1.392772743091475,1.7400932642383466,0,0.4,5.9,0.6061840512796866,-0.36208038984766056,0.26167206219061484,0.7065801224379838,1.2634840969912415,0.23353869758495477,-0.4401457556776015,-0.2875524360416698,-0.5875998719581561,0.2019811131952902
1741796159930,0.12053559311965986,0.22848885755891227,0.48262769510185954,0.48128207333177586,0.5166174585903216,0.5445427266222308,2.405063709248186,1.1,-1.2000000000000002,-1.7000000000000002,0.6308134010457302,-0.37548522462270295,0.23346055899519677,0.6890288438068731,1.239007141943483,0.2437311887835385,-0.3469001069985377,-0.24207837567111096,-0.6076699750188785,0.13964775431204585
1741796159930,0.12053559311965986,0.22848885755891227,0.48262769510185954,0.48128207333177586,0.5166174585903216,0.5445427266222308,2.405063709248186,1.1,-1.2000000000000002,-1.7000000000000002,0.6308134010457302,-0.37548522462270295,0.23346055899519677,0.6890288438068731,1.239007141943483,0.2437311887835385,-0.3469001069985377,-0.24207837567111096,-0.6076699750188785,0.13964775431204585
1741796160015,0.08161035475090625,0.1138116848848644,0.7976186682804757,0.5866780295797517,0.8447393579652556,0.32812189937493397,1.8011797880581482,0.2,-0.4,1,0.6639785911178551,-0.38994163009812893,0.19699547591700733,0.6631430561740681,1.2261266042425736,0.24648819245858142,-0.2767233763672293,-0.22763588907701748,-0.6008854974346657,0.1677550458204427
1741796160015,0.08161035475090625,0.1138116848848644,0.7976186682804757,0.5866780295797517,0.8447393579652556,0.32812189937493397,1.8011797880581482,0.2,-0.4,1,0.6639785911178551,-0.38994163009812893,0.19699547591700733,0.6631430561740681,1.2261266042425736,0.24648819245858142,-0.2767233763672293,-0.22763588907701748,-0.6008854974346657,0.1677550458204427
1741796160110,0.09764026532823016,0.17107359859891108,0.7985609714857543,0.5687711114928217,0.07504915783575618,-0.5393067388662478,0.9808750396208132,1.1,-1,-1,0.6997816419184925,-0.4023782158649637,0.15779430185261495,0.6316271598388788,1.1886327825067362,0.22089264702591993,-0.23575986781138333,-0.18439106353505233,-0.6138857764845979,0.12971798788329844
1741796160110,0.09764026532823016,0.17107359859891108,0.7985609714857543,0.5687711114928217,0.07504915783575618,-0.5393067388662478,0.9808750396208132,1.1,-1,-1,0.6997816419184925,-0.4023782158649637,0.15779430185261495,0.6316271598388788,1.1886327825067362,0.22089264702591993,-0.23575986781138333,-0.18439106353505233,-0.6138857764845979,0.12971798788329844
1741796160210,0.13112514578100573,0.23381191305721602,0.7849181274468925,0.5586069446951932,0.619591884457987,0.13788101090755203,-0.13264502315156904,0.7000000000000001,0.1,1.4000000000000001,0.7343198276457645,-0.4130291214749659,0.11870585718877084,0.5963421874775504,1.17014903441442,0.21819623948121747,-0.23241046213631528,-0.15566402178896513,-0.590697135906257,0.1709796490374919
1741796160210,0.13112514578100573,0.23381191305721602,0.7849181274468925,0.5586069446951932,0.619591884457987,0.13788101090755203,-0.13264502315156904,0.7000000000000001,0.1,1.4000000000000001,0.7343198276457645,-0.4130291214749659,0.11870585718877084,0.5963421874775504,1.17014903441442,0.21819623948121747,-0.23241046213631528,-0.15566402178896513,-0.590697135906257,0.1709796490374919
1741796160325,0.11912014999709693,0.23147077126068416,0.7822666107384578,0.5659422423184359,0.20420352248333656,-0.19722220547535926,0.39968039870670147,0.6000000000000001,-1.1,-2.4000000000000004,0.770413619402168,-0.42334735456014644,0.07373351926699939,0.5537028466776667,1.138854775658351,0.20473770362392524,-0.211932272929739,-0.1311823661071248,-0.607197296026359,0.08768623196604582
1741796160325,0.11912014999709693,0.23147077126068416,0.7822666107384578,0.5659422423184359,0.20420352248333656,-0.19722220547535926,0.39968039870670147,0.6000000000000001,-1.1,-2.4000000000000004,0.770413619402168,-0.42334735456014644,0.07373351926699939,0.5537028466776667,1.138854775658351,0.20473770362392524,-0.211932272929739,-0.1311823661071248,-0.607197296026359,0.08768623196604582
1741796160436,0.12116766590703851,0.25607376822532824,0.7780437405457534,0.5607071961042531,-0.6265732014659643,-0.9005898940290741,-1.7139133254584316,0.1,1.1,0.8,0.8012695212556701,-0.43077788496291036,0.03170828797646557,0.5106854875332794,1.0817993348426682,0.16901551379403643,-0.26047358538158827,-0.12371096994825123,-0.5520237655588136,0.11070692528283432
1741796160483,0.0906360774848737,0.18150783169362994,0.7695844895830499,0.6054582742726614,-1.0105456369047168,-0.6562437987498679,-1.565560339038914,1,0.30000000000000004,-2.7,0.8117414068537971,-0.4344602827890986,0.014448424180724426,0.49222046785768425,1.0143340055769297,0.14240594797091383,-0.3025546517185191,-0.08747816340308166,-0.524551209808289,0.020078816273957065
1741796160550,0.11812764585326374,0.22326675651913064,0.5368581927138256,0.4980333955052959,0.6108652381980153,0.017453292519943295,-0.6091199089460211,-0.2,0,0.9,0.8241325718001413,-0.44083052702226755,-0.00917605171446239,0.4668564203554788,1.001352686025624,0.13838568548633373,-0.3124181700107812,-0.09109847316547919,-0.5076741491134017,0.048389652178594506
1741796160550,0.11812764585326374,0.22326675651913064,0.5368581927138256,0.4980333955052959,0.6108652381980153,0.017453292519943295,-0.6091199089460211,-0.2,0,0.9,0.8241325718001413,-0.44083052702226755,-0.00917605171446239,0.4668564203554788,1.001352686025624,0.13838568548633373,-0.3124181700107812,-0.09109847316547919,-0.5076741491134017,0.048389652178594506
1741796160656,0.04531400782889418,0.15816990647543516,0.7679861671844251,0.618971863975586,1.1711159280881953,0.8831366015091309,-0.57246799465414,0.4,0.30000000000000004,-2.2,0.8415427871778198,-0.45056552886979895,-0.04634651053462914,0.42619961711875337,1.0068036292363605,0.16229895964428015,-0.32076813322349135,-0.07532974811298726,-0.4817404672037796,-0.023804093421029182
1741796160656,0.04531400782889418,0.15816990647543516,0.7679861671844251,0.618971863975586,1.1711159280881953,0.8831366015091309,-0.57246799465414,0.4,0.30000000000000004,-2.2,0.8415427871778198,-0.45056552886979895,-0.04634651053462914,0.42619961711875337,1.0068036292363605,0.16229895964428015,-0.32076813322349135,-0.07532974811298726,-0.4817404672037796,-0.023804093421029182
1741796160746,0.00009006896786203922,0.16759055761606445,0.8020038437542095,0.573326461528675,0.5602506898901798,-0.14137166941154072,0.18675022996339327,0.30000000000000004,-0.1,1.3,0.8540100492045637,-0.4575003222429273,-0.07905808081884884,0.39069423464724806,0.9924924963821505,0.15256692043141026,-0.30450317988525333,-0.06330117676991961,-0.4695064450742191,0.018621192776019937
1741796160746,0.00009006896786203922,0.16759055761606445,0.8020038437542095,0.573326461528675,0.5602506898901798,-0.14137166941154072,0.18675022996339327,0.30000000000000004,-0.1,1.3,0.8540100492045637,-0.4575003222429273,-0.07905808081884884,0.39069423464724806,0.9924924963821505,0.15256692043141026,-0.30450317988525333,-0.06330117676991961,-0.4695064450742191,0.018621192776019937
1741796160835,-0.01305321299148278,0.17902580855034395,0.8062396110366628,0.5636994439406032,0.1291543646475804,-0.16580627893946132,-0.4363323129985824,0.1,-0.4,1,0.8645293661757498,-0.46292830797379514,-0.11035613040339355,0.35501090450730444,0.9648736378789996,0.14238191409217563,-0.30872049641537674,-0.05807704507826732,-0.4672828798209331,0.05001626432261458
1741796160904,0.015314901098771302,0.14376784085859184,0.8033646374661481,0.5776690410677018,-1.7872171540421935,-0.4223696789826278,-0.2932153143350474,-0.30000000000000004,0.2,-0.7000000000000001,0.8700441685100947,-0.4667837960998305,-0.1325901264005451,0.32860516717153837,0.717386345075353,0.09468713004983159,-0.29928864286402007,-0.07749673644696012,-0.4054619840880169,0.04039912342010186
1741796160869,-0.01512508922881442,0.17139708628201406,0.8051168108930942,0.5676100697725418,-1.3194689145077132,-0.3001966313430247,-0.143116998663535,-0.2,0.2,1.3,0.8676558784853096,-0.4647961163674472,-0.12190524715995014,0.3413714955258601,0.8919182547274721,0.12824721817140172,-0.30343159321778246,-0.06260965930615267,-0.4459717686143729,0.08993717823031266
1741796160904,0.015314901098771302,0.14376784085859184,0.8033646374661481,0.5776690410677018,-1.7872171540421935,-0.4223696789826278,-0.2932153143350474,-0.30000000000000004,0.2,-0.7000000000000001,0.8700441685100947,-0.4667837960998305,-0.1325901264005451,0.32860516717153837,0.717386345075353,0.09468713004983159,-0.29928864286402007,-0.07749673644696012,-0.4054619840880169,0.04039912342010186
1741796160966,0.042331050860204666,0.1120084788388201,0.7941984854096416,0.5957440294071908,-0.8726646259971648,-0.34033920413889424,-0.20943951023931956,0.6000000000000001,-0.2,-0.2,0.8726320234764359,-0.4709427967735218,-0.14857354354016755,0.30939626185197433,0.6668297011395412,0.0808552014636392,-0.29643183469328294,-0.05595531299867909,-0.3989291945354425,0.03275548613655399
1741796161004,0.09944004928444644,0.2110967856722921,0.58288137577448,0.5130056616377209,-0.33859387488689996,-0.3106686068549906,0.16057029118347832,0.2,0.2,-0.9,0.8736713089556133,-0.47349993767073006,-0.15762344083685423,0.2982269084606394,0.6349032664859084,0.06842267095642,-0.2819200917261656,-0.047827653403707024,-0.37991066916222627,0.0031365695067603998
1741796161004,0.09944004928444644,0.2110967856722921,0.58288137577448,0.5130056616377209,-0.33859387488689996,-0.3106686068549906,0.16057029118347832,0.2,0.2,-0.9,0.8736713089556133,-0.47349993767073006,-0.15762344083685423,0.2982269084606394,0.6349032664859084,0.06842267095642,-0.2819200917261656,-0.047827653403707024,-0.37991066916222627,0.0031365695067603998
1741796161081,0.05551220779756003,0.10904262960113793,0.783828882935695,0.6088024162163701,-0.14486232791552936,-0.23911010752322318,0.23038346126325154,0.30000000000000004,-0.4,0.7000000000000001,0.8754065453680533,-0.4783441761647968,-0.17473598778809202,0.27640757814490535,0.6101726885354101,0.05866914578792082,-0.2656721794785787,-0.036796160147785244,-0.3805478103310903,0.02523787214488686
